{
    "type": "basic",
    "input_dim": 10,
    "hidden_dimension": [
        64,
        32,
        16
    ],
    "mean_loss": 0.008517929702486757,
    "standard_dev": 0.02023149567070564,
    "percentile_90": 0.016108983010053635,
    "percentile_95": 0.028074326738715127,
    "percentile_98": 0.06326551079750059,
    "max_loss": 0.7427371144294739
}