{
    "type": "basic",
    "input_dim": 10,
    "hidden_dimension": [
        64,
        32,
        16
    ],
    "mean_loss": 0.005046139318323393,
    "standard_dev": 0.0117712535598946,
    "percentile_90": 0.009677010588347917,
    "percentile_95": 0.014865838410332788,
    "percentile_98": 0.026931480355560738,
    "max_loss": 0.9061595797538757
}