{
    "type": "basic",
    "input_dim": 10,
    "hidden_dimension": [
        16,
        8,
        4
    ],
    "mean_loss": 0.015998275771274394,
    "standard_dev": 0.02340122988177495,
    "percentile_90": 0.032203816995024684,
    "percentile_95": 0.04497620817273854,
    "percentile_98": 0.07177776396274532,
    "max_loss": 0.9685682058334351
}