{
    "type": "basic",
    "input_dim": 10,
    "hidden_dimension": [
        64,
        32,
        16
    ],
    "mean_loss": 0.0037520786690709595,
    "standard_dev": 0.008574770605725712,
    "percentile_90": 0.007398625928908587,
    "percentile_95": 0.012577472627162932,
    "percentile_98": 0.0223843341320753,
    "max_loss": 0.5543249249458313
}