{
    "type": "basic",
    "input_dim": 10,
    "hidden_dimension": [
        64,
        32,
        16
    ],
    "mean_loss": 0.007575574555038313,
    "standard_dev": 0.016764453449204526,
    "percentile_90": 0.0163227841258049,
    "percentile_95": 0.02537998631596565,
    "percentile_98": 0.0424965257942676,
    "max_loss": 0.4489303231239319
}