{
    "type": "basic",
    "input_dim": 10,
    "hidden_dimension": [
        32,
        16,
        8
    ],
    "mean_loss": 0.012067965277061988,
    "standard_dev": 0.0289847218588635,
    "percentile_90": 0.025820514932274833,
    "percentile_95": 0.04386420920491217,
    "percentile_98": 0.07874704837799068,
    "max_loss": 0.8525721430778503
}