{
    "type": "basic",
    "input_dim": 10,
    "hidden_dimension": [
        32,
        16,
        8
    ],
    "mean_loss": 0.00752346202795107,
    "standard_dev": 0.015570530522376804,
    "percentile_90": 0.014800828881561763,
    "percentile_95": 0.022520544193685044,
    "percentile_98": 0.036988771855830944,
    "max_loss": 0.6586456298828125
}