{
    "type": "basic",
    "input_dim": 10,
    "hidden_dimension": [
        64,
        32,
        16
    ],
    "mean_loss": 0.0045218068347164,
    "standard_dev": 0.008729827800182614,
    "percentile_90": 0.009657957591116428,
    "percentile_95": 0.01352564967237413,
    "percentile_98": 0.02343816217035055,
    "max_loss": 0.573465883731842
}