{
    "type": "basic",
    "input_dim": 10,
    "hidden_dimension": [
        64,
        32,
        16
    ],
    "mean_loss": 0.005570099909516256,
    "standard_dev": 0.009090247605971604,
    "percentile_90": 0.010853084642440086,
    "percentile_95": 0.015547824325039969,
    "percentile_98": 0.023465082421898806,
    "max_loss": 0.3756473660469055
}