{
    "type": "basic",
    "input_dim": 10,
    "hidden_dimension": [
        64,
        32,
        16
    ],
    "mean_loss": 0.004109756300799378,
    "standard_dev": 0.007882408724142198,
    "percentile_90": 0.007869795337319373,
    "percentile_95": 0.011570047214627266,
    "percentile_98": 0.020848607905209066,
    "max_loss": 0.3428412079811096
}