{
    "type": "basic",
    "input_dim": 10,
    "hidden_dimension": [
        32,
        16,
        8
    ],
    "mean_loss": 0.006637390228847151,
    "standard_dev": 0.01243126506890464,
    "percentile_90": 0.013038578815758229,
    "percentile_95": 0.019225161336362342,
    "percentile_98": 0.03234570786356928,
    "max_loss": 0.5890131592750549
}