{
    "type": "basic",
    "input_dim": 10,
    "hidden_dimension": [
        64,
        32,
        16
    ],
    "mean_loss": 0.006509890786201938,
    "standard_dev": 0.01503368546098004,
    "percentile_90": 0.011652213800698509,
    "percentile_95": 0.018309860490262495,
    "percentile_98": 0.03619627378880979,
    "max_loss": 0.5271263718605042
}