{
    "type": "basic",
    "input_dim": 10,
    "hidden_dimension": [
        32,
        16,
        8
    ],
    "mean_loss": 0.005469540157661328,
    "standard_dev": 0.012208180773281539,
    "percentile_90": 0.010042790975421672,
    "percentile_95": 0.01727779330685734,
    "percentile_98": 0.03564359128475189,
    "max_loss": 0.39172476530075073
}