{
    "type": "basic",
    "input_dim": 10,
    "hidden_dimension": [
        64,
        32,
        16
    ],
    "mean_loss": 0.005928600405372577,
    "standard_dev": 0.014801195713037054,
    "percentile_90": 0.01076430575922132,
    "percentile_95": 0.017644064221531135,
    "percentile_98": 0.03906339891254902,
    "max_loss": 0.44783297181129456
}