{
    "type": "basic",
    "input_dim": 10,
    "hidden_dimension": [
        64,
        32,
        16
    ],
    "mean_loss": 0.010313092566359075,
    "standard_dev": 0.022762992731686058,
    "percentile_90": 0.021318952366709713,
    "percentile_95": 0.03694786708801983,
    "percentile_98": 0.07170945420861244,
    "max_loss": 0.5548915863037109
}