{
    "type": "basic",
    "input_dim": 10,
    "hidden_dimension": [
        16,
        8,
        4
    ],
    "mean_loss": 0.019289856639532622,
    "standard_dev": 0.04996909970944605,
    "percentile_90": 0.03327291458845139,
    "percentile_95": 0.058898781426250844,
    "percentile_98": 0.13047902822494511,
    "max_loss": 1.6994359493255615
}