{
    "type": "basic",
    "input_dim": 10,
    "hidden_dimension": [
        64,
        32,
        16
    ],
    "mean_loss": 0.0059063457706650885,
    "standard_dev": 0.010071526326642356,
    "percentile_90": 0.012409555353224277,
    "percentile_95": 0.019727918226271863,
    "percentile_98": 0.03493188001215458,
    "max_loss": 0.30584946274757385
}