{
    "type": "basic",
    "input_dim": 10,
    "hidden_dimension": [
        64,
        32,
        16
    ],
    "mean_loss": 0.004572975827557808,
    "standard_dev": 0.009507018069389058,
    "percentile_90": 0.008441103529185057,
    "percentile_95": 0.012431674730032677,
    "percentile_98": 0.022278644591569835,
    "max_loss": 0.3046545088291168
}