{
    "type": "basic",
    "input_dim": 10,
    "hidden_dimension": [
        64,
        32,
        16
    ],
    "mean_loss": 0.00525816715956835,
    "standard_dev": 0.011497931684830742,
    "percentile_90": 0.0101971497759223,
    "percentile_95": 0.01643647281453012,
    "percentile_98": 0.03164175130426877,
    "max_loss": 0.38395506143569946
}