{
    "type": "basic",
    "input_dim": 10,
    "hidden_dimension": [
        64,
        32,
        16
    ],
    "mean_loss": 0.004490363659586865,
    "standard_dev": 0.00856443316156719,
    "percentile_90": 0.008266519196331501,
    "percentile_95": 0.013062185561284408,
    "percentile_98": 0.023415377289056846,
    "max_loss": 0.30743855237960815
}