{
    "type": "basic",
    "input_dim": 10,
    "hidden_dimension": [
        64,
        32,
        16
    ],
    "mean_loss": 0.005599867281927687,
    "standard_dev": 0.009719937467167185,
    "percentile_90": 0.009699561446905142,
    "percentile_95": 0.014774311520159244,
    "percentile_98": 0.025834501013159736,
    "max_loss": 0.3688567280769348
}