{
    "type": "basic",
    "input_dim": 10,
    "hidden_dimension": [
        64,
        32,
        16
    ],
    "mean_loss": 0.0054519031525302915,
    "standard_dev": 0.010746852163304392,
    "percentile_90": 0.010904656350612652,
    "percentile_95": 0.01765504283830523,
    "percentile_98": 0.033315444961190224,
    "max_loss": 0.3939526379108429
}