{
    "type": "basic",
    "input_dim": 10,
    "hidden_dimension": [
        64,
        32,
        16,
        8
    ],
    "mean_loss": 0.012504973647391891,
    "standard_dev": 0.022988732248736897,
    "percentile_90": 0.031334415078163175,
    "percentile_95": 0.04762789234519004,
    "percentile_98": 0.07425495401024819,
    "max_loss": 0.6542712450027466
}