{
    "type": "basic",
    "input_dim": 10,
    "hidden_dimension": [
        64,
        32,
        16
    ],
    "mean_loss": 0.006310592997223016,
    "standard_dev": 0.016945103382785084,
    "percentile_90": 0.011550946719944478,
    "percentile_95": 0.019469167850911566,
    "percentile_98": 0.032384596914052974,
    "max_loss": 0.7949596643447876
}