{
    "type": "basic",
    "input_dim": 10,
    "hidden_dimension": [
        64,
        32,
        16,
        8
    ],
    "mean_loss": 0.011955755755985382,
    "standard_dev": 0.025871752892474602,
    "percentile_90": 0.022938555479049685,
    "percentile_95": 0.03807808738201854,
    "percentile_98": 0.07391729727387429,
    "max_loss": 1.0163908004760742
}