{
    "type": "basic",
    "input_dim": 10,
    "hidden_dimension": [
        64,
        32,
        16
    ],
    "mean_loss": 0.007338568229319175,
    "standard_dev": 0.018168246245248966,
    "percentile_90": 0.013473493047058582,
    "percentile_95": 0.021737119182944298,
    "percentile_98": 0.04069828167557712,
    "max_loss": 0.8645957112312317
}