{
    "type": "basic",
    "input_dim": 10,
    "hidden_dimension": [
        64,
        32,
        16
    ],
    "mean_loss": 0.007270613939178315,
    "standard_dev": 0.014789516412817522,
    "percentile_90": 0.013853585720062254,
    "percentile_95": 0.023188677988946436,
    "percentile_98": 0.042967942059040025,
    "max_loss": 0.54802405834198
}