{
    "type": "basic",
    "input_dim": 10,
    "hidden_dimension": [
        64,
        32,
        16
    ],
    "mean_loss": 0.007069274698788559,
    "standard_dev": 0.012773834139899166,
    "percentile_90": 0.01185849439352751,
    "percentile_95": 0.016561638563871377,
    "percentile_98": 0.027258274927735297,
    "max_loss": 0.419818252325058
}