{
    "type": "basic",
    "input_dim": 10,
    "hidden_dimension": [
        64,
        32,
        16
    ],
    "mean_loss": 0.006152263898005346,
    "standard_dev": 0.010993000145380096,
    "percentile_90": 0.012907494977116598,
    "percentile_95": 0.01932334937155243,
    "percentile_98": 0.030838395841419702,
    "max_loss": 0.46347036957740784
}