{
    "type": "basic",
    "input_dim": 10,
    "hidden_dimension": [
        64,
        32,
        16
    ],
    "mean_loss": 0.0086847352251496,
    "standard_dev": 0.015970769060669514,
    "percentile_90": 0.017919178679585483,
    "percentile_95": 0.02712908126413822,
    "percentile_98": 0.045366805642843226,
    "max_loss": 0.5008445978164673
}