{
    "type": "basic",
    "input_dim": 10,
    "hidden_dimension": [
        64,
        32,
        16
    ],
    "mean_loss": 0.006846382369547484,
    "standard_dev": 0.013736351329385494,
    "percentile_90": 0.013119029812514782,
    "percentile_95": 0.021525872871279716,
    "percentile_98": 0.040892914682626645,
    "max_loss": 0.47211647033691406
}