{
    "type": "basic",
    "input_dim": 10,
    "hidden_dimension": [
        64,
        32,
        16
    ],
    "mean_loss": 0.005922429075035424,
    "standard_dev": 0.009823518828249101,
    "percentile_90": 0.010779269970953468,
    "percentile_95": 0.016409677639603614,
    "percentile_98": 0.028374238014221176,
    "max_loss": 0.3424730598926544
}