{
    "type": "basic",
    "input_dim": 10,
    "hidden_dimension": [
        16,
        8,
        4
    ],
    "mean_loss": 0.014386158469292143,
    "standard_dev": 0.027472364194937482,
    "percentile_90": 0.030390892177820206,
    "percentile_95": 0.04798679053783417,
    "percentile_98": 0.08353881537914276,
    "max_loss": 0.9723393321037292
}