{
    "type": "basic",
    "input_dim": 10,
    "hidden_dimension": [
        64,
        32,
        16
    ],
    "mean_loss": 0.00477424361455732,
    "standard_dev": 0.008165742981068666,
    "percentile_90": 0.009642316773533824,
    "percentile_95": 0.014800611324608321,
    "percentile_98": 0.026005855947732904,
    "max_loss": 0.18733766674995422
}