{
    "type": "basic",
    "input_dim": 10,
    "hidden_dimension": [
        64,
        32,
        16
    ],
    "mean_loss": 0.005675627765108153,
    "standard_dev": 0.01229018655642213,
    "percentile_90": 0.009438079409301282,
    "percentile_95": 0.014236420299857852,
    "percentile_98": 0.02960482884198424,
    "max_loss": 0.4020274579524994
}