{
    "type": "basic",
    "input_dim": 10,
    "hidden_dimension": [
        64,
        32,
        16
    ],
    "mean_loss": 0.008780852084369049,
    "standard_dev": 0.021838497530046862,
    "percentile_90": 0.016475823521614072,
    "percentile_95": 0.02979424782097333,
    "percentile_98": 0.059084179922938004,
    "max_loss": 0.6457895636558533
}