{
    "type": "basic",
    "input_dim": 10,
    "hidden_dimension": [
        32,
        16,
        8
    ],
    "mean_loss": 0.012128605564459239,
    "standard_dev": 0.03056844307372654,
    "percentile_90": 0.02656857669353485,
    "percentile_95": 0.04785707965493202,
    "percentile_98": 0.08425290882587433,
    "max_loss": 1.089340329170227
}