{
    "type": "basic",
    "input_dim": 10,
    "hidden_dimension": [
        32,
        16,
        8
    ],
    "mean_loss": 0.007727735762224741,
    "standard_dev": 0.017724120191669197,
    "percentile_90": 0.014503494556993247,
    "percentile_95": 0.022157868184149263,
    "percentile_98": 0.04198020145297037,
    "max_loss": 1.001921534538269
}