{
    "type": "basic",
    "input_dim": 10,
    "hidden_dimension": [
        64,
        32,
        16
    ],
    "mean_loss": 0.006778562817643996,
    "standard_dev": 0.013911907421366597,
    "percentile_90": 0.013425646722316742,
    "percentile_95": 0.019880873337388034,
    "percentile_98": 0.03336730688810346,
    "max_loss": 0.451383113861084
}