{
    "type": "basic",
    "input_dim": 10,
    "hidden_dimension": [
        64,
        32,
        16
    ],
    "mean_loss": 0.004978713050496059,
    "standard_dev": 0.012139894394767552,
    "percentile_90": 0.008384223934262993,
    "percentile_95": 0.013443239871412502,
    "percentile_98": 0.027893402688205234,
    "max_loss": 0.36739543080329895
}